timestamp,angle_real,angle_calculated,error
10.324707997,0.6499999761581421,0.9412947297096252,0.29129475355148315
10.445244632,0.6499999761581421,1.0054999589920044,0.3554999828338623
10.503892004,0.6499999761581421,1.0054999589920044,0.3554999828338623
10.646991786,0.6499999761581421,0.9941105842590332,0.3441106081008911
10.703406457,0.6499999761581421,0.9941105842590332,0.3441106081008911
10.849987124,0.6499999761581421,0.9040529131889343,0.25405293703079224
10.902611221,0.6499999761581421,0.9040529131889343,0.25405293703079224
11.048941376,0.6499999761581421,1.1116857528686523,0.46168577671051025
11.099905164,0.699999988079071,1.1116857528686523,0.4116857647895813
11.254470367,0.699999988079071,1.0643434524536133,0.36434346437454224
11.455052516,0.699999988079071,1.047231912612915,0.347231924533844
11.497694245,0.699999988079071,1.047231912612915,0.347231924533844
11.654298621,0.699999988079071,1.048028826713562,0.34802883863449097
11.707350404,0.699999988079071,1.048028826713562,0.34802883863449097
11.854220353,0.699999988079071,1.0345258712768555,0.3345258831977844
11.903477289,0.699999988079071,1.0345258712768555,0.3345258831977844
12.057648557,0.699999988079071,0.805735170841217,0.105735182762146
12.107670897,0.699999988079071,0.805735170841217,0.105735182762146
12.258068378,0.699999988079071,0.9659585356712341,0.2659585475921631
12.303246261,0.699999988079071,0.9659585356712341,0.2659585475921631
12.46002065,0.699999988079071,1.1475034952163696,0.4475035071372986
12.503833028,0.699999988079071,1.1475034952163696,0.4475035071372986
12.649587646,0.699999988079071,1.1664880514144897,0.4664880633354187
12.70113743,0.699999988079071,1.1664880514144897,0.4664880633354187
12.846266908,0.699999988079071,1.1125667095184326,0.4125667214393616
12.902253559,0.699999988079071,1.1125667095184326,0.4125667214393616
13.045696446,0.699999988079071,1.26261568069458,0.562615692615509
13.102740943,0.699999988079071,1.26261568069458,0.562615692615509
13.247404869,0.699999988079071,1.154242753982544,0.4542427659034729
13.30166143,0.699999988079071,1.154242753982544,0.4542427659034729
13.444633511,0.699999988079071,1.2748931646347046,0.5748931765556335
13.507099071,0.699999988079071,1.2748931646347046,0.5748931765556335
13.644918036,0.699999988079071,1.1833091974258423,0.48330920934677124
13.700905333,0.75,1.1833091974258423,0.4333091974258423
13.842064098,0.75,2.3206448554992676,1.5706448554992676
13.902705535,1.9500000476837158,2.3206448554992676,0.37064480781555176
14.042609091,1.9500000476837158,2.745553731918335,0.7955536842346191
14.103616645,2.9000000953674316,2.745553731918335,0.15444636344909668
14.242047103,2.9000000953674316,3.048046112060547,0.14804601669311523
14.443235757,2.9000000953674316,3.625091552734375,0.7250914573669434
14.504561295,3.5,3.625091552734375,0.125091552734375
14.644827969,3.5,4.0148024559021,0.5148024559020996
14.703853885,3.450000047683716,4.0148024559021,0.5648024082183838
14.844242534,3.450000047683716,4.209867000579834,0.7598669528961182
14.904464285,4.300000190734863,4.209867000579834,0.0901331901550293
15.044834651,4.300000190734863,4.83389949798584,0.5338993072509766
15.24512838,4.300000190734863,5.2139387130737305,0.9139385223388672
15.301727022,5.0,5.2139387130737305,0.21393871307373047
15.445859055,5.0,5.591923713684082,0.591923713684082
15.50299166,5.650000095367432,5.591923713684082,0.05807638168334961
15.644334666,5.650000095367432,5.827847480773926,0.17784738540649414
15.707286436,5.900000095367432,5.827847480773926,0.07215261459350586
15.846302339,5.900000095367432,6.0269856452941895,0.1269855499267578
15.903048018,6.0,6.0269856452941895,0.026985645294189453
16.043059027,6.0,6.357523441314697,0.35752344131469727
16.103122241,6.5,6.357523441314697,0.14247655868530273
16.243460128,6.5,6.715033054351807,0.21503305435180664
16.303363861,6.980000019073486,6.715033054351807,0.2649669647216797
16.44408861,6.980000019073486,6.897632122039795,0.0823678970336914
16.503493811,7.050000190734863,6.897632122039795,0.15236806869506836
16.645238014,7.050000190734863,7.1660871505737305,0.11608695983886719
16.703316369,7.300000190734863,7.1660871505737305,0.1339130401611328
16.846405696,7.300000190734863,7.435031414031982,0.13503122329711914
16.902277549,7.550000190734863,7.435031414031982,0.11496877670288086
17.049815082,7.550000190734863,7.585394859313965,0.03539466857910156
17.105168846,7.800000190734863,7.585394859313965,0.21460533142089844
17.248589654,7.800000190734863,7.949985504150391,0.14998531341552734
17.309537909,8.149999618530273,7.949985504150391,0.2000141143798828
17.443167821,8.149999618530273,8.08703327178955,0.06296634674072266
17.502667473,8.300000190734863,8.08703327178955,0.2129669189453125
17.649131779,8.300000190734863,8.343954086303711,0.043953895568847656
17.703376394,8.5,8.343954086303711,0.15604591369628906
17.844000346,8.5,8.991686820983887,0.4916868209838867
17.908996146,8.949999809265137,8.991686820983887,0.04168701171875
18.044955319,8.949999809265137,9.165879249572754,0.2158794403076172
18.101956059,9.399999618530273,9.165879249572754,0.23412036895751953
18.245607085,9.399999618530273,9.427711486816406,0.027711868286132812
18.302095059,9.649999618530273,9.427711486816406,0.2222881317138672
18.44210062,9.649999618530273,10.353812217712402,0.7038125991821289
18.645943593,9.649999618530273,10.935409545898438,1.285409927368164
18.702051074,10.899999618530273,10.935409545898438,0.03540992736816406
18.846483571,10.899999618530273,11.495250701904297,0.5952510833740234
18.903060634,11.449999809265137,11.495250701904297,0.045250892639160156
19.045080549,11.449999809265137,12.247743606567383,0.7977437973022461
19.107845608,12.300000190734863,12.247743606567383,0.05225658416748047
19.256103634,12.300000190734863,12.71478271484375,0.4147825241088867
19.307656382,12.850000381469727,12.71478271484375,0.13521766662597656
19.456203817,12.850000381469727,13.51150894165039,0.6615085601806641
19.504731773,13.449999809265137,13.51150894165039,0.061509132385253906
19.659491902,13.449999809265137,13.794639587402344,0.34463977813720703
19.704594146,13.699999809265137,13.794639587402344,0.09463977813720703
19.856483762,13.699999809265137,14.364518165588379,0.6645183563232422
19.908833295,14.199999809265137,14.364518165588379,0.1645183563232422
20.056212879,14.199999809265137,14.893933296203613,0.6939334869384766
20.104282188,14.649999618530273,14.893933296203613,0.24393367767333984
20.259543123,14.649999618530273,15.21249008178711,0.5624904632568359
20.305922922,15.0,15.21249008178711,0.21249008178710938
20.475354911,15.0,15.530516624450684,0.5305166244506836
20.498569097,15.399999618530273,15.530516624450684,0.13051700592041016
20.663117307,15.399999618530273,15.97042179107666,0.5704221725463867
20.85753461,15.399999618530273,16.306217193603516,0.9062175750732422
20.904698769,16.0,16.306217193603516,0.3062171936035156
21.066205351,16.0,16.716426849365234,0.7164268493652344
21.100581664,16.399999618530273,16.716426849365234,0.31642723083496094
21.265572083,16.399999618530273,17.104726791381836,0.7047271728515625
21.296438355,16.799999237060547,17.104726791381836,0.30472755432128906
21.464925185,16.799999237060547,17.337011337280273,0.5370121002197266
21.502515568,17.049999237060547,17.337011337280273,0.28701210021972656
21.664871533,17.049999237060547,17.767343521118164,0.7173442840576172
21.697806511,17.5,17.767343521118164,0.26734352111816406
21.861124552,17.5,18.379121780395508,0.8791217803955078
21.903838558,17.700000762939453,18.379121780395508,0.6791210174560547
22.06235338,17.700000762939453,18.606996536254883,0.9069957733154297
22.104216463,18.299999237060547,18.606996536254883,0.30699729919433594
22.25930699,18.299999237060547,19.2098331451416,0.9098339080810547
22.296166098,18.75,19.2098331451416,0.45983314514160156
22.460158066,18.75,19.589311599731445,0.8393115997314453
22.496573516,19.25,19.589311599731445,0.3393115997314453
22.661398203,19.25,19.783266067504883,0.5332660675048828
22.697323935,19.549999237060547,19.783266067504883,0.23326683044433594
22.863404163,19.549999237060547,20.008771896362305,0.4587726593017578
23.057798013,19.549999237060547,20.739437103271484,1.1894378662109375
23.110543026,20.149999618530273,20.739437103271484,0.5894374847412109
23.261864321,20.149999618530273,21.29650115966797,1.1465015411376953
23.310717053,20.950000762939453,21.29650115966797,0.3465003967285156
23.462071677,20.950000762939453,21.749065399169922,0.7990646362304688
23.504900045,21.399999618530273,21.749065399169922,0.34906578063964844
23.663838067,21.399999618530273,22.347612380981445,0.9476127624511719
23.709600617,22.049999237060547,22.347612380981445,0.29761314392089844
23.86273069,22.049999237060547,23.042219161987305,0.9922199249267578
23.903380296,22.799999237060547,23.042219161987305,0.2422199249267578
24.063029992,22.799999237060547,23.625476837158203,0.8254776000976562
24.103908457,23.450000762939453,23.625476837158203,0.17547607421875
24.263839419,23.450000762939453,24.31586265563965,0.8658618927001953
24.449245681,23.450000762939453,25.194860458374023,1.7448596954345703
24.50444202,24.799999237060547,25.194860458374023,0.39486122131347656
24.650998344,24.799999237060547,25.82488441467285,1.0248851776123047
24.70445596,25.899999618530273,25.82488441467285,0.07511520385742188
24.8509975,25.899999618530273,26.59821319580078,0.6982135772705078
24.909377059,26.799999237060547,26.59821319580078,0.20178604125976562
25.050991819,26.799999237060547,26.981672286987305,0.1816730499267578
25.246259217,26.799999237060547,27.589481353759766,0.7894821166992188
25.305359862,27.649999618530273,27.589481353759766,0.06051826477050781
25.447047491,27.649999618530273,28.004871368408203,0.3548717498779297
25.504953623,28.350000381469727,28.004871368408203,0.34512901306152344
25.647651906,28.350000381469727,28.58269500732422,0.2326946258544922
25.704145178,28.899999618530273,28.58269500732422,0.3173046112060547
25.845862349,28.899999618530273,29.217260360717773,0.3172607421875
25.909380469,29.700000762939453,29.217260360717773,0.4827404022216797
26.046851712,29.700000762939453,29.919918060302734,0.21991729736328125
26.105646342,30.549999237060547,29.919918060302734,0.6300811767578125
26.248211699,30.549999237060547,30.469820022583008,0.08017921447753906
26.44896927,30.549999237060547,31.266525268554688,0.7165260314941406
26.648257915,30.549999237060547,32.12074279785156,1.5707435607910156
26.850237376,30.549999237060547,32.87100601196289,2.3210067749023438
26.904192443,33.29999923706055,32.87100601196289,0.42899322509765625
27.065023942,33.29999923706055,33.2703742980957,0.02962493896484375
27.110845955,33.849998474121094,33.2703742980957,0.5796241760253906
27.265458059,33.849998474121094,33.42765426635742,0.4223442077636719
27.464829229,33.849998474121094,33.73377990722656,0.11621856689453125
27.494431565,34.25,33.73377990722656,0.5162200927734375
27.66138561,34.25,33.976531982421875,0.273468017578125
27.6989685,34.5,33.976531982421875,0.523468017578125
27.855107692,34.5,34.5394401550293,0.039440155029296875
27.903123595,35.0,34.5394401550293,0.4605598449707031
28.056983527,35.0,35.433231353759766,0.4332313537597656
28.105033981,35.79999923706055,35.433231353759766,0.36676788330078125
28.259167166,35.79999923706055,36.24441909790039,0.44441986083984375
28.305765497,36.79999923706055,36.24441909790039,0.5555801391601562
28.458902797,36.79999923706055,36.922080993652344,0.12208175659179688
28.505820611,37.849998474121094,36.922080993652344,0.92791748046875
28.655765609,37.849998474121094,37.72754669189453,0.1224517822265625
28.857497941,37.849998474121094,38.498111724853516,0.6481132507324219
28.898181027,38.45000076293945,38.498111724853516,0.0481109619140625
29.053641275,38.45000076293945,39.198455810546875,0.7484550476074219
29.1017413,39.25,39.198455810546875,0.051544189453125
29.254111349,39.25,40.2628288269043,1.0128288269042969
29.304648184,40.25,40.2628288269043,0.012828826904296875
29.44622437,40.25,40.937931060791016,0.6879310607910156
29.509243479,41.04999923706055,40.937931060791016,0.11206817626953125
29.640667521,41.04999923706055,41.230342864990234,0.1803436279296875
29.709037302,41.349998474121094,41.230342864990234,0.11965560913085938
29.84095449,41.349998474121094,41.20878219604492,0.14121627807617188
29.901552005,37.62999863624573,41.20878219604492,3.5787835597991915
30.042967222,37.62999863624573,41.207637786865234,3.577639150619504
30.101969688,34.27199879169464,41.207637786865234,6.935638995170592
30.242473401,34.27199879169464,41.12472915649414,6.852730364799498
30.307970638,31.259798922061922,41.12472915649414,9.864930234432219
30.444169377,31.259798922061922,40.548011779785156,9.288212857723234
30.507387353,28.538819048929216,40.548011779785156,12.00919273085594
30.643526942,28.538819048929216,39.37261962890625,10.833800579977034
30.844722594,28.538819048929216,38.24243927001953,9.703620221090315
30.905058146,29.60493722033024,38.24243927001953,8.637502049689292
31.058114865,29.60493722033024,37.901607513427734,8.296670293097495
31.25748309,29.60493722033024,37.45490264892578,7.849965428595542
31.311228113,30.469443498297217,37.45490264892578,6.985459150628564
31.457721614,30.469443498297217,36.788856506347656,6.319413008050439
31.517465568,31.17749907217355,36.788856506347656,5.611357434174106
31.661201315,31.17749907217355,35.173011779785156,3.9955127076116064
31.707996075,36.099998474121094,35.173011779785156,0.9269866943359375
31.862009735,36.099998474121094,34.144805908203125,1.9551925659179688
31.903667745,35.5,34.144805908203125,1.355194091796875
32.060198624,35.5,33.33687973022461,2.1631202697753906
32.104005416,34.5,33.33687973022461,1.1631202697753906
32.263290889,34.5,32.65239334106445,1.8476066589355469
32.303699721,33.75,32.65239334106445,1.0976066589355469
32.448679575,33.75,31.824548721313477,1.9254512786865234
32.509033095,32.900001525878906,31.824548721313477,1.0754528045654297
32.646718375,32.900001525878906,31.29923439025879,1.6007671356201172
32.706618248,32.099998474121094,31.29923439025879,0.8007640838623047
32.84428226,32.099998474121094,30.802982330322266,1.2970161437988281
32.902837762,29.269998621940612,30.802982330322266,1.5329837083816535
33.04682953,29.269998621940612,30.10601043701172,0.8360118150711067
33.1056737,31.299999237060547,30.10601043701172,1.1939888000488281
33.245236414,31.299999237060547,29.19782829284668,2.102170944213867
33.308625323,30.299999237060547,29.19782829284668,1.1021709442138672
33.448623986,30.299999237060547,28.37942123413086,1.9205780029296875
33.508514925,29.299999237060547,28.37942123413086,0.9205780029296875
33.647151889,29.299999237060547,27.45961570739746,1.840383529663086
33.704777309,28.299999237060547,27.45961570739746,0.8403835296630859
33.848685336,28.299999237060547,26.507787704467773,1.7922115325927734
33.906197855,25.74099931716919,26.507787704467773,0.7667883872985826
34.049173933,25.74099931716919,25.458913803100586,0.28208551406860494
34.106595273,26.899999618530273,25.458913803100586,1.4410858154296875
34.248879398,26.899999618530273,24.47012710571289,2.429872512817383
34.301816821,24.464999651908876,24.47012710571289,0.005127453804014692
34.44991467,24.464999651908876,23.804624557495117,0.6603750944137587
34.509725931,24.25,23.804624557495117,0.4453754425048828
34.649035278,24.25,22.943443298339844,1.3065567016601562
34.702867257,23.299999237060547,22.943443298339844,0.3565559387207031
34.84776279,23.299999237060547,22.062273025512695,1.2377262115478516
34.902844608,22.25,22.062273025512695,0.1877269744873047
35.048372437,22.25,21.265810012817383,0.9841899871826172
35.245827667,22.25,20.493614196777344,1.7563858032226562
35.302680525,20.850000381469727,20.493614196777344,0.3563861846923828
35.443616101,20.850000381469727,19.345600128173828,1.5044002532958984
35.502670565,19.799999237060547,19.345600128173828,0.45439910888671875
35.644663992,19.799999237060547,18.250680923461914,1.5493183135986328
35.704104742,18.549999237060547,18.250680923461914,0.2993183135986328
35.851937869,18.549999237060547,17.242015838623047,1.3079833984375
35.90171492,16.864999318122862,17.242015838623047,0.3770165205001845
36.053541087,16.864999318122862,16.466066360473633,0.39893295764922954
36.103304899,16.5,16.466066360473633,0.03393363952636719
36.242571167,16.5,15.395366668701172,1.1046333312988281
36.31008504,16.049999237060547,15.395366668701172,0.654632568359375
36.446030107,16.049999237060547,14.569917678833008,1.480081558227539
36.504419539,15.100000381469727,14.569917678833008,0.5300827026367188
36.658850243,15.100000381469727,13.628375053405762,1.4716253280639648
36.699887685,14.149999618530273,13.628375053405762,0.5216245651245117
36.854741458,14.149999618530273,12.480077743530273,1.669921875
36.905186121,13.149999618530273,12.480077743530273,0.669921875
37.059644378,13.149999618530273,11.604582786560059,1.5454168319702148
37.105737957,12.100000381469727,11.604582786560059,0.49541759490966797
37.257068701,12.100000381469727,10.938835144042969,1.1611652374267578
37.303460089,11.399999618530273,10.938835144042969,0.4611644744873047
37.456877884,11.399999618530273,10.047642707824707,1.3523569107055664
37.503179803,10.899999618530273,10.047642707824707,0.8523569107055664
37.653962564,10.899999618530273,9.13797664642334,1.7620229721069336
37.698139039,10.0,9.13797664642334,0.8620233535766602
37.854976269,10.0,8.002992630004883,1.9970073699951172
37.908495791,8.949999809265137,8.002992630004883,0.9470071792602539
38.0569385,8.949999809265137,7.444722652435303,1.505277156829834
38.258575595,8.949999809265137,6.813732147216797,2.13626766204834
38.301818899,7.25,6.813732147216797,0.4362678527832031
38.469984785,7.25,6.346652030944824,0.9033479690551758
38.657815265,7.25,5.806009769439697,1.4439902305603027
38.704079276,6.449999809265137,5.806009769439697,0.6439900398254395
38.854067306,6.449999809265137,5.173126697540283,1.2768731117248535
38.904045861,5.699999809265137,5.173126697540283,0.5268731117248535
39.054346034,5.699999809265137,4.7567853927612305,0.9432144165039062
39.098680038,5.050000190734863,4.7567853927612305,0.2932147979736328
39.242634509,5.050000190734863,4.271183013916016,0.7788171768188477
39.304814274,4.599999904632568,4.271183013916016,0.32881689071655273
39.442746243,4.599999904632568,3.659625291824341,0.9403746128082275
39.643360197,4.599999904632568,3.1840381622314453,1.415961742401123
39.707946153,3.5,3.1840381622314453,0.3159618377685547
39.84249635,3.5,3.0332837104797363,0.46671628952026367
39.90412745,3.1500000953674316,3.0332837104797363,0.11671638488769531
40.043057519,3.1500000953674316,2.493964910507202,0.6560351848602295
40.103813537,2.700000047683716,2.493964910507202,0.20603513717651367
40.243519861,2.700000047683716,2.362694025039673,0.33730602264404297
40.301866918,2.3499999046325684,2.362694025039673,0.012694120407104492
40.442810364,2.3499999046325684,2.246060371398926,0.10393953323364258
40.507331451,2.1500000953674316,2.246060371398926,0.09606027603149414
40.641864578,2.1500000953674316,2.0329596996307373,0.11704039573669434
40.702491024,2.0999999046325684,2.0329596996307373,0.06704020500183105
40.85252888,2.0999999046325684,1.6673882007598877,0.43261170387268066
40.897242808,1.75,1.6673882007598877,0.0826117992401123
41.053810588,1.75,1.1270650625228882,0.6229349374771118
41.102356544,1.149999976158142,1.1270650625228882,0.022934913635253906
41.254238245,1.149999976158142,1.2073242664337158,0.05732429027557373
41.304224874,0.8999999761581421,1.2073242664337158,0.30732429027557373
41.456328352,0.8999999761581421,0.9598248600959778,0.05982488393783569
41.503978202,0.6499999761581421,0.9598248600959778,0.3098248839378357
41.654367892,0.6499999761581421,0.7821022868156433,0.13210231065750122
41.705119111,0.4000000059604645,0.7821022868156433,0.38210228085517883
41.854227467,0.4000000059604645,0.5587541460990906,0.1587541401386261
41.904951104,0.25,0.5587541460990906,0.3087541460990906
42.05556264,0.25,0.5373711585998535,0.2873711585998535
42.101860039,0.15000000596046448,0.5373711585998535,0.38737115263938904
42.254113732,0.15000000596046448,0.8489500284194946,0.6989500224590302
42.304758184,0.15000000596046448,0.8489500284194946,0.6989500224590302
42.455566542,0.15000000596046448,1.9609090089797974,1.8109090030193329
42.502525588,1.2000000476837158,1.9609090089797974,0.7609089612960815
42.657177617,1.2000000476837158,2.076822519302368,0.8768224716186523
42.708100183,1.850000023841858,2.076822519302368,0.22682249546051025
42.857364621,1.850000023841858,2.8515427112579346,1.0015426874160767
43.058178216,1.850000023841858,3.408543586730957,1.5585435628890991
43.101552037,3.049999952316284,3.408543586730957,0.35854363441467285
43.255448618,3.049999952316284,4.369027614593506,1.3190276622772217
43.300622223,3.799999952316284,4.369027614593506,0.5690276622772217
43.455879723,3.799999952316284,5.166621208190918,1.3666212558746338
43.501469327,5.099999904632568,5.166621208190918,0.06662130355834961
43.655712021,5.099999904632568,5.899621963500977,0.7996220588684082
43.859665585,5.099999904632568,6.67333459854126,1.5733346939086914
43.904907008,6.849999904632568,6.67333459854126,0.1766653060913086
44.061037122,6.849999904632568,7.820054054260254,0.9700541496276855
44.107691151,8.449999809265137,7.820054054260254,0.6299457550048828
44.254380745,8.449999809265137,8.737691879272461,0.2876920700073242
44.303986686,8.550000190734863,8.737691879272461,0.18769168853759766
44.453808375,8.550000190734863,9.849800109863281,1.299799919128418
44.507064674,9.649999618530273,9.849800109863281,0.1998004913330078
44.662276473,9.649999618530273,10.666605949401855,1.016606330871582
44.704486555,10.699999809265137,10.666605949401855,0.03339385986328125
44.85327166,10.699999809265137,11.362483024597168,0.6624832153320312
44.902606304,11.449999809265137,11.362483024597168,0.08751678466796875
45.049263715,11.449999809265137,12.042328834533691,0.5923290252685547
45.109583549,10.444999825954437,12.042328834533691,1.5973290085792549
45.250325483,10.444999825954437,12.220219612121582,1.7752197861671455
45.304176683,12.25,12.220219612121582,0.02978038787841797
45.450211325,12.25,12.587983131408691,0.3379831314086914
45.508895017,12.600000381469727,12.587983131408691,0.012017250061035156
45.643876375,12.600000381469727,13.124520301818848,0.5245199203491211
45.708826702,13.0,13.124520301818848,0.12452030181884766
45.850229096,13.0,13.925464630126953,0.9254646301269531
45.902561892,13.75,13.925464630126953,0.17546463012695312
46.043678542,13.75,14.524389266967773,0.7743892669677734
46.106043873,14.5,14.524389266967773,0.024389266967773438
46.243719633,14.5,15.067296981811523,0.5672969818115234
46.296826598,14.649999618530273,15.067296981811523,0.41729736328125
46.441182546,14.649999618530273,15.82907485961914,1.1790752410888672
46.502338979,15.5,15.82907485961914,0.3290748596191406
46.644349068,15.5,16.5098819732666,1.0098819732666016
46.708817678,16.149999618530273,16.5098819732666,0.3598823547363281
46.844852365,16.149999618530273,17.36359214782715,1.213592529296875
46.904251189,17.0,17.36359214782715,0.36359214782714844
47.05076718,17.0,17.835651397705078,0.8356513977050781
47.105269978,15.475,17.835651397705078,2.3606513977050785
47.249895088,15.475,18.44944953918457,2.9744495391845707
47.444375244,15.475,18.855953216552734,3.3809532165527347
47.502566078,14.112500002384186,18.855953216552734,4.743453214168548
47.660939375,14.112500002384186,19.60647201538086,5.493972012996673
47.702181615,14.621250078439713,19.60647201538086,4.985221936941146
47.858208466,14.621250078439713,20.085947036743164,5.464696958303451
47.906553475,15.139124994301797,20.085947036743164,4.946822042441367
48.059147095,15.139124994301797,20.737415313720703,5.598290319418906
48.107427667,15.670212571165562,20.737415313720703,5.067202742555141
48.259481104,15.670212571165562,21.12456703186035,5.454354460694789
48.303984438,16.193191275902034,21.12456703186035,4.931375755958317
48.450062422,16.193191275902034,21.712913513183594,5.5197222372815595
48.649550731,16.193191275902034,21.986392974853516,5.793201698951481
48.701798196,16.743872224605777,21.986392974853516,5.2425207502477384
48.846653421,16.743872224605777,22.222064971923828,5.478192747318051
48.901964408,17.274484925851255,22.222064971923828,4.947580046072574
49.046474208,17.274484925851255,22.51714324951172,5.242658323660464
49.103618023,17.787036395119156,22.51714324951172,4.730106854392563
49.267557237,17.787036395119156,22.635717391967773,4.848680996848618
49.303513845,16.23333275560724,22.635717391967773,6.402384636360534
49.463501044,16.23333275560724,22.841354370117188,6.608021614509948
49.664034309,16.23333275560724,23.009471893310547,6.776139137703307
49.709393457,16.899999441899542,23.009471893310547,6.109472451411005
49.864173005,16.899999441899542,23.200443267822266,6.300443825922724
49.902791652,17.499999459562616,23.200443267822266,5.700443808259649
50.059623845,17.499999459562616,23.629785537719727,6.12978607815711
50.104618676,18.0949995899003,23.629785537719727,5.534785947819426
50.256864144,18.0949995899003,23.88551139831543,5.790511808415129
50.305456793,18.66049963091027,23.88551139831543,5.22501176740516
50.456403092,18.66049963091027,23.935306549072266,5.274806918161996
50.504688953,19.189449744113187,23.935306549072266,4.745856804959079
50.662583887,19.189449744113187,24.26556968688965,5.076119942776462
50.863168169,19.189449744113187,24.53668975830078,5.347240014187594
50.908185055,19.72050476970187,24.53668975830078,4.816184988598913
51.064050584,19.72050476970187,24.845060348510742,5.124555578808874
51.108871543,20.22345429273168,24.845060348510742,4.621606055779061
51.263834286,20.22345429273168,25.20323371887207,4.979779426140389
51.300880304,20.726108863458514,25.20323371887207,4.477124855413557
51.461175008,20.726108863458514,25.32326316833496,4.597154304876447
51.502750453,25.450000762939453,25.32326316833496,0.1267375946044922
51.665491272,25.450000762939453,25.4403018951416,0.009698867797851562
51.693418307,25.5,25.4403018951416,0.05969810485839844
51.864045049,25.5,26.06706428527832,0.5670642852783203
51.896513406,25.850000381469727,26.06706428527832,0.21706390380859375
52.063764662,25.850000381469727,26.59868049621582,0.7486801147460938
52.098329697,26.850000381469727,26.59868049621582,0.25131988525390625
52.264016514,26.850000381469727,26.640146255493164,0.2098541259765625
52.29649071,26.950000762939453,26.640146255493164,0.30985450744628906
52.46147702,26.950000762939453,26.563417434692383,0.3865833282470703
52.503961659,27.049999237060547,26.563417434692383,0.48658180236816406
52.660351954,27.049999237060547,26.894123077392578,0.15587615966796875
52.844234058,27.049999237060547,27.36814308166504,0.3181438446044922
53.060087468,27.049999237060547,27.874801635742188,0.8248023986816406
53.105650948,28.149999618530273,27.874801635742188,0.27519798278808594
53.255373019,28.149999618530273,28.251310348510742,0.10131072998046875
53.308988439,28.600000381469727,28.251310348510742,0.3486900329589844
53.463301247,28.600000381469727,28.8144474029541,0.214447021484375
53.509240466,29.25,28.8144474029541,0.43555259704589844
53.65975953,29.25,29.223140716552734,0.026859283447265625
53.708936113,29.649999618530273,29.223140716552734,0.42685890197753906
53.861392386,29.649999618530273,29.81294059753418,0.16294097900390625
53.903618418,30.350000381469727,29.81294059753418,0.5370597839355469
54.061472479,30.350000381469727,30.177282333374023,0.17271804809570312
54.109731232,30.549999237060547,30.177282333374023,0.37271690368652344
54.257690684,30.549999237060547,30.700157165527344,0.15015792846679688
54.303680986,31.049999237060547,30.700157165527344,0.3498420715332031
54.459374174,31.049999237060547,31.16925048828125,0.11925125122070312
54.510145119,31.700000762939453,31.16925048828125,0.5307502746582031
54.665330125,31.700000762939453,31.771411895751953,0.0714111328125
54.703697193,32.25,31.771411895751953,0.4785881042480469
54.863138522,32.25,32.40780258178711,0.15780258178710938
54.904224737,33.0,32.40780258178711,0.5921974182128906
55.060380015,33.0,33.21439743041992,0.21439743041992188
55.09963285,30.029999995231627,33.21439743041992,3.184397435188295
55.260817656,30.029999995231627,33.729827880859375,3.699827885627748
55.461416965,30.029999995231627,34.2573356628418,4.22733566761017
55.503548726,34.54999923706055,34.2573356628418,0.29266357421875
55.660385657,34.54999923706055,35.00149917602539,0.45149993896484375
55.703245888,35.400001525878906,35.00149917602539,0.3985023498535156
55.857146813,35.400001525878906,35.399620056152344,0.0003814697265625
55.907947974,35.95000076293945,35.399620056152344,0.5503807067871094
56.057987323,35.95000076293945,36.02705383300781,0.07705307006835938
56.108306181,36.5,36.02705383300781,0.4729461669921875
56.259539623,36.5,36.6471061706543,0.14710617065429688
56.459117132,36.5,36.98741912841797,0.48741912841796875
56.504626274,37.29999923706055,36.98741912841797,0.3125801086425781
56.660543169,37.29999923706055,37.16707229614258,0.13292694091796875
56.704286812,37.650001525878906,37.16707229614258,0.4829292297363281
56.860234726,37.650001525878906,37.35441589355469,0.29558563232421875
56.90459072,37.79999923706055,37.35441589355469,0.4455833435058594
57.062338519,37.79999923706055,37.74290466308594,0.057094573974609375
57.104576114,38.04999923706055,37.74290466308594,0.3070945739746094
57.259577474,38.04999923706055,37.873016357421875,0.17698287963867188
57.304437385,38.25,37.873016357421875,0.376983642578125
57.459210137,38.25,38.201438903808594,0.04856109619140625
57.659956915,38.25,38.914485931396484,0.6644859313964844
57.862724129,38.25,39.51871871948242,1.2687187194824219
58.063133697,38.25,40.11919403076172,1.8691940307617188
58.11021362,40.150001525878906,40.11919403076172,0.0308074951171875
58.260179167,40.150001525878906,40.44253158569336,0.2925300598144531
58.30699731,40.54999923706055,40.44253158569336,0.1074676513671875
58.458102665,40.54999923706055,40.61416244506836,0.0641632080078125
58.502886858,40.70000076293945,40.61416244506836,0.08583831787109375
58.659151642,40.70000076293945,40.57600784301758,0.123992919921875
58.706632272,40.75,40.57600784301758,0.17399215698242188
58.85816613,40.75,40.563907623291016,0.18609237670898438
58.900845232,40.75,40.563907623291016,0.18609237670898438
59.053594645,40.75,40.436668395996094,0.31333160400390625
59.108829663,40.75,40.436668395996094,0.31333160400390625
59.254120353,40.75,39.986717224121094,0.7632827758789062
59.309753494,40.75,39.986717224121094,0.7632827758789062
59.456388425,40.75,39.393089294433594,1.3569107055664062
59.65680058,40.75,38.98563766479492,1.7643623352050781
59.710540044,39.5,38.98563766479492,0.5143623352050781
59.856247047,39.5,38.64027404785156,0.8597259521484375
59.904656824,39.20000076293945,38.64027404785156,0.5597267150878906
60.057796752,39.20000076293945,38.19883728027344,1.0011634826660156
60.102942992,38.79999923706055,38.19883728027344,0.6011619567871094
60.261593278,38.79999923706055,37.87309646606445,0.9269027709960938
60.304864039,38.400001525878906,37.87309646606445,0.5269050598144531
60.46072652,38.400001525878906,37.7094612121582,0.6905403137207031
60.501886885,38.20000076293945,37.7094612121582,0.49053955078125
60.656587418,38.20000076293945,37.38385009765625,0.8161506652832031
60.706738667,34.76000068187714,37.38385009765625,2.6238494157791123
60.856228468,34.76000068187714,36.673336029052734,1.9133353471755967
60.90360252,37.599998474121094,36.673336029052734,0.9266624450683594
61.056163826,37.599998474121094,36.00645446777344,1.5935440063476562
61.105034427,36.95000076293945,36.00645446777344,0.9435462951660156
61.258710268,36.95000076293945,35.05508041381836,1.8949203491210938
61.30298516,36.0,35.05508041381836,0.9449195861816406
61.458917449,36.0,34.61616134643555,1.3838386535644531
61.504858075,35.45000076293945,34.61616134643555,0.8338394165039062
61.660017132,35.45000076293945,33.891571044921875,1.5584297180175781
61.704896266,34.70000076293945,33.891571044921875,0.8084297180175781
61.859277575,34.70000076293945,33.285606384277344,1.4143943786621094
61.909805416,34.29999923706055,33.285606384277344,1.0143928527832031
62.059742559,34.29999923706055,32.99056625366211,1.3094329833984375
62.109742507,33.849998474121094,32.99056625366211,0.8594322204589844
62.263376486,33.849998474121094,32.52921676635742,1.3207817077636719
62.306273513,33.45000076293945,32.52921676635742,0.9207839965820312
62.450522183,33.45000076293945,32.087650299072266,1.3623504638671875
62.506223807,33.099998474121094,32.087650299072266,1.0123481750488281
62.647159906,33.099998474121094,30.798587799072266,2.301410675048828
62.707673631,31.899999618530273,30.798587799072266,1.1014118194580078
62.846951794,31.899999618530273,30.114124298095703,1.7858753204345703
62.903900385,32.4899995803833,30.114124298095703,2.375875282287595
63.046808989,32.4899995803833,29.3858642578125,3.104135322570798
63.104408879,30.350000381469727,29.3858642578125,0.9641361236572266
63.246036696,30.350000381469727,28.607769012451172,1.7422313690185547
63.308712655,29.600000381469727,28.607769012451172,0.9922313690185547
63.447252054,29.600000381469727,27.959293365478516,1.640707015991211
63.510076336,28.950000762939453,27.959293365478516,0.9907073974609375
63.647339411,28.950000762939453,27.346139907836914,1.603860855102539
63.704368362,28.200000762939453,27.346139907836914,0.8538608551025391
63.848413913,28.200000762939453,26.358190536499023,1.8418102264404297
63.904676073,26.950000762939453,26.358190536499023,0.5918102264404297
64.04838059,26.950000762939453,25.138519287109375,1.8114814758300781
64.108659203,26.149999618530273,25.138519287109375,1.0114803314208984
64.248740859,26.149999618530273,24.283246994018555,1.8667526245117188
64.310245491,24.899999618530273,24.283246994018555,0.6167526245117188
64.449220359,24.899999618530273,23.59223175048828,1.3077678680419922
64.50943378,24.0,23.59223175048828,0.40776824951171875
64.648522602,24.0,23.028051376342773,0.9719486236572266
64.705461584,23.25,23.028051376342773,0.22194862365722656
64.846041348,23.25,22.106576919555664,1.143423080444336
64.902617498,22.350000381469727,22.106576919555664,0.2434234619140625
65.046346499,22.350000381469727,21.207258224487305,1.1427421569824219
65.104415137,21.790000915527344,21.207258224487305,0.5827426910400391
65.261233651,21.790000915527344,20.19112777709961,1.5988731384277344
65.308759803,20.600000381469727,20.19112777709961,0.4088726043701172
65.455972498,20.600000381469727,19.216917037963867,1.3830833435058594
65.50313932,19.5,19.216917037963867,0.2830829620361328
65.657158805,19.5,18.18017578125,1.31982421875
65.862371274,19.5,17.128572463989258,2.371427536010742
65.89874595,17.399999618530273,17.128572463989258,0.2714271545410156
66.060890932,17.399999618530273,16.298240661621094,1.1017589569091797
66.096111899,15.823999655246734,16.298240661621094,0.47424100637435984
66.280434367,15.823999655246734,15.549697875976562,0.2743017792701714
66.304503225,16.100000381469727,15.549697875976562,0.5503025054931641
66.462496325,16.100000381469727,14.88890266418457,1.2110977172851562
66.502649647,15.399999618530273,14.88890266418457,0.5110969543457031
66.661156281,15.399999618530273,13.588207244873047,1.8117923736572266
66.702508739,14.25,13.588207244873047,0.6617927551269531
66.862395295,14.25,12.665977478027344,1.5840225219726562
66.902063802,13.100000381469727,12.665977478027344,0.4340229034423828
67.054902069,13.100000381469727,11.819923400878906,1.2800769805908203
67.270413259,13.100000381469727,10.989452362060547,2.1105480194091797
67.296535684,11.449999809265137,10.989452362060547,0.46054744720458984
67.455048634,11.449999809265137,10.462547302246094,0.987452507019043
67.504061357,11.100000381469727,10.462547302246094,0.6374530792236328
67.653343216,11.100000381469727,9.24901008605957,1.8509902954101562
67.69654415,10.050000190734863,9.24901008605957,0.800990104675293
67.853547409,10.050000190734863,8.292724609375,1.7572755813598633
67.901242285,9.050000190734863,8.292724609375,0.7572755813598633
68.03965838,9.050000190734863,7.6406025886535645,1.4093976020812988
68.095441966,8.149999618530273,7.6406025886535645,0.509397029876709
68.254347599,8.149999618530273,7.021211624145508,1.1287879943847656
68.296175258,7.400000095367432,7.021211624145508,0.37878847122192383
68.454836506,7.400000095367432,6.375184059143066,1.0248160362243652
68.501452363,7.050000190734863,6.375184059143066,0.6748161315917969
68.654450421,7.050000190734863,5.607251167297363,1.4427490234375
68.697060794,6.349999904632568,5.607251167297363,0.7427487373352051
68.854312173,6.349999904632568,5.018184661865234,1.331815242767334
68.902864414,5.5,5.018184661865234,0.4818153381347656
69.053730364,5.5,4.5955071449279785,0.9044928550720215
69.102499099,4.949999809265137,4.5955071449279785,0.3544926643371582
69.25313773,4.949999809265137,4.171072959899902,0.7789268493652344
69.29682345,4.400000095367432,4.171072959899902,0.2289271354675293
69.452117127,4.400000095367432,3.771514892578125,0.6284852027893066
69.502338294,4.800000190734863,3.771514892578125,1.0284852981567383
69.652987441,4.800000190734863,3.4007365703582764,1.399263620376587
69.700898587,3.75,3.4007365703582764,0.34926342964172363
69.841654849,3.75,2.928562879562378,0.8214371204376221
69.89980997,3.200000047683716,2.928562879562378,0.2714371681213379
70.038143947,3.200000047683716,2.4689133167266846,0.7310867309570312
70.095611006,2.5999999046325684,2.4689133167266846,0.1310865879058838
70.240080629,2.5999999046325684,2.239589214324951,0.3604106903076172
70.302081946,2.200000047683716,2.239589214324951,0.03958916664123535
70.43984993,2.200000047683716,1.860784649848938,0.33921539783477783
70.496460631,1.600000023841858,1.860784649848938,0.2607846260070801
70.653070282,1.600000023841858,1.5073742866516113,0.09262573719024658
70.696686695,1.4500000476837158,1.5073742866516113,0.05737423896789551
70.853638092,1.4500000476837158,1.2811901569366455,0.1688098907470703
70.895392977,1.0,1.2811901569366455,0.2811901569366455
71.055078825,1.0,1.0069011449813843,0.006901144981384277
71.097704119,0.6499999761581421,1.0069011449813843,0.3569011688232422
71.255168236,0.6499999761581421,0.9366389513015747,0.2866389751434326
71.296595239,0.550000011920929,0.9366389513015747,0.38663893938064575
71.453808371,0.550000011920929,1.0263466835021973,0.4763466715812683
71.496824974,0.550000011920929,1.0263466835021973,0.4763466715812683
71.654678034,0.550000011920929,1.1248451471328735,0.5748451352119446
71.70265954,1.3500000298023225,1.1248451471328735,0.22515488266944894
71.867232229,1.3500000298023225,1.5824123620986938,0.23241233229637137
71.903077876,0.550000011920929,1.5824123620986938,1.032412350177765
72.05065226,0.550000011920929,2.3132824897766113,1.7632824778556824
72.102586962,1.600000023841858,2.3132824897766113,0.7132824659347534
72.25122859,1.600000023841858,2.4614832401275635,0.8614832162857056
72.301315976,2.200000047683716,2.4614832401275635,0.26148319244384766
72.450310032,2.200000047683716,2.6451199054718018,0.44511985778808594
72.66824068,2.200000047683716,3.040107488632202,0.8401074409484863
72.696713274,3.0,3.040107488632202,0.04010748863220215
72.851751319,3.0,3.670443058013916,0.670443058013916
72.901317716,3.3499999046325684,3.670443058013916,0.32044315338134766
73.052232178,3.3499999046325684,4.325723171234131,0.9757232666015625
73.097532591,4.050000190734863,4.325723171234131,0.2757229804992676
73.257115612,4.050000190734863,5.201104164123535,1.1511039733886719
73.303412253,4.949999809265137,5.201104164123535,0.25110435485839844
73.459406881,4.949999809265137,5.972933292388916,1.0229334831237793
73.495294514,6.0,5.972933292388916,0.027066707611083984
73.65993089,6.0,6.636804580688477,0.6368045806884766
73.697252428,6.650000095367432,6.636804580688477,0.013195514678955078
73.85644683,6.650000095367432,7.4377593994140625,0.7877593040466309
74.06231355,6.650000095367432,8.31816291809082,1.6681628227233887
74.102476371,8.050000190734863,8.31816291809082,0.26816272735595703
74.255958758,8.050000190734863,9.041790008544922,0.9917898178100586
74.30292393,8.949999809265137,9.041790008544922,0.09179019927978516
74.456828562,8.949999809265137,9.663226127624512,0.713226318359375
74.503829774,9.800000190734863,9.663226127624512,0.13677406311035156
74.655266325,9.800000190734863,10.341561317443848,0.5415611267089844
74.70389909,10.449999809265137,10.341561317443848,0.10843849182128906
74.845130235,10.449999809265137,11.12305736541748,0.6730575561523438
74.902269438,11.300000190734863,11.12305736541748,0.1769428253173828
75.050054331,11.300000190734863,11.592629432678223,0.2926292419433594
75.096595537,11.800000190734863,11.592629432678223,0.20737075805664062
75.252942423,11.800000190734863,12.307811737060547,0.5078115463256836
75.302070489,12.100000381469727,12.307811737060547,0.2078113555908203
75.451550599,12.100000381469727,13.172552108764648,1.0725517272949219
75.501730548,13.0,13.172552108764648,0.17255210876464844
75.655662179,13.0,13.742223739624023,0.7422237396240234
75.702808972,13.699999809265137,13.742223739624023,0.04222393035888672
75.855304718,13.699999809265137,14.051483154296875,0.3514833450317383
75.898433096,14.050000190734863,14.051483154296875,0.0014829635620117188
76.06458011,14.050000190734863,14.739660263061523,0.6896600723266602
76.097322257,14.890000343322754,14.739660263061523,0.15034008026123047
76.264008437,14.890000343322754,15.47056770324707,0.5805673599243164
76.457141584,14.890000343322754,16.062198638916016,1.1721982955932617
76.503648415,15.75,16.062198638916016,0.3121986389160156
76.663562607,15.75,16.799022674560547,1.0490226745605469
76.703963894,16.350000381469727,16.799022674560547,0.4490222930908203
76.86407539,16.350000381469727,17.243162155151367,0.8931617736816406
76.896456375,17.0,17.243162155151367,0.2431621551513672
77.06298721,17.0,17.697940826416016,0.6979408264160156
77.103694365,17.549999237060547,17.697940826416016,0.14794158935546875
77.262063012,17.549999237060547,18.08037567138672,0.5303764343261719
77.308742895,17.700000762939453,18.08037567138672,0.3803749084472656
77.460259336,17.700000762939453,18.6578311920166,0.9578304290771484
77.502206245,18.25,18.6578311920166,0.40783119201660156
77.662281611,18.25,19.236257553100586,0.9862575531005859
77.706266914,18.850000381469727,19.236257553100586,0.3862571716308594
77.863994633,18.850000381469727,19.544401168823242,0.6944007873535156
77.908087652,19.299999237060547,19.544401168823242,0.2444019317626953
78.058745297,19.299999237060547,19.770322799682617,0.4703235626220703
78.104886024,19.549999237060547,19.770322799682617,0.2203235626220703
78.262284539,19.549999237060547,20.188518524169922,0.638519287109375
78.302669996,19.899999618530273,20.188518524169922,0.28851890563964844
78.462202676,19.899999618530273,20.67272186279297,0.7727222442626953
78.50507552,20.149999618530273,20.67272186279297,0.5227222442626953
78.667751094,20.149999618530273,21.197431564331055,1.0474319458007812
78.699199238,20.850000381469727,21.197431564331055,0.3474311828613281
78.865132737,20.850000381469727,21.715675354003906,0.8656749725341797
78.902073627,21.450000762939453,21.715675354003906,0.2656745910644531
79.062206412,21.450000762939453,22.29714584350586,0.8471450805664062
79.110398765,22.149999618530273,22.29714584350586,0.14714622497558594
79.250090772,22.149999618530273,22.83013153076172,0.6801319122314453
79.309525098,22.700000762939453,22.83013153076172,0.13013076782226562
79.450246132,22.700000762939453,23.69449806213379,0.9944972991943359
79.505138164,23.75,23.69449806213379,0.05550193786621094
79.648967588,23.75,24.117719650268555,0.3677196502685547
79.705078366,24.0,24.117719650268555,0.11771965026855469
79.849111963,24.0,24.657350540161133,0.6573505401611328
80.049228459,24.0,25.415071487426758,1.4150714874267578
80.104347962,25.399999618530273,25.415071487426758,0.015071868896484375
80.249131937,25.399999618530273,26.13736915588379,0.7373695373535156
80.305552888,26.299999237060547,26.13736915588379,0.1626300811767578
80.44873599,26.299999237060547,26.49398422241211,0.1939849853515625
80.505812069,23.936999320983887,26.49398422241211,2.5569849014282227
80.646955235,23.936999320983887,27.080032348632812,3.143033027648926
80.705335309,27.149999618530273,27.080032348632812,0.06996726989746094
80.845705359,27.149999618530273,27.671499252319336,0.5214996337890625
80.905154803,27.899999618530273,27.671499252319336,0.2285003662109375
81.045220627,27.899999618530273,28.274763107299805,0.37476348876953125
81.110611108,28.649999618530273,28.274763107299805,0.37523651123046875
81.250433128,28.649999618530273,28.781646728515625,0.13164710998535156
81.309240657,29.25,28.781646728515625,0.468353271484375
81.448549256,29.25,29.145038604736328,0.10496139526367188
81.50860661,29.75,29.145038604736328,0.6049613952636719
81.646577484,29.75,29.740436553955078,0.009563446044921875
81.843815386,29.75,30.217105865478516,0.4671058654785156
81.908532588,30.649999618530273,30.217105865478516,0.4328937530517578
82.045244987,30.649999618530273,30.47138214111328,0.1786174774169922
82.24505873,30.649999618530273,31.0784912109375,0.42849159240722656
82.451384128,30.649999618530273,31.377479553222656,0.7274799346923828
82.648261723,30.649999618530273,32.093849182128906,1.4438495635986328
82.846949692,30.649999618530273,32.49595260620117,1.8459529876708984
82.90683442,33.04999923706055,32.49595260620117,0.554046630859375
83.050762589,33.04999923706055,32.92502975463867,0.124969482421875
83.110212782,33.45000076293945,32.92502975463867,0.5249710083007812
83.247444174,33.45000076293945,33.37208938598633,0.077911376953125
83.310223434,33.849998474121094,33.37208938598633,0.4779090881347656
83.449585198,33.849998474121094,34.03805923461914,0.18806076049804688
83.508324872,30.809998631477356,34.03805923461914,3.2280606031417847
83.64868774,30.809998631477356,34.505435943603516,3.6954373121261597
83.71024489,35.099998474121094,34.505435943603516,0.5945625305175781
83.848303803,35.099998474121094,35.22697067260742,0.12697219848632812
83.910676882,35.349998474121094,35.22697067260742,0.12302780151367188
84.050516533,35.349998474121094,35.774417877197266,0.4244194030761719
84.110005376,36.099998474121094,35.774417877197266,0.3255805969238281
84.259292748,36.099998474121094,36.688053131103516,0.5880546569824219
84.300620307,36.79999923706055,36.688053131103516,0.11194610595703125
84.462221267,36.79999923706055,37.350318908691406,0.5503196716308594
84.50497312,37.75,37.350318908691406,0.39968109130859375
84.661439631,37.75,38.07646560668945,0.3264656066894531
84.709858462,38.25,38.07646560668945,0.17353439331054688
84.859896468,38.25,38.82805633544922,0.5780563354492188
84.903950465,39.04999923706055,38.82805633544922,0.22194290161132812
85.061425318,39.04999923706055,39.301483154296875,0.2514839172363281
85.104023058,39.20000076293945,39.301483154296875,0.10148239135742188
85.259972267,39.20000076293945,39.60647964477539,0.4064788818359375
85.299980973,39.849998474121094,39.60647964477539,0.24351882934570312
85.455077485,39.849998474121094,39.854652404785156,0.0046539306640625
85.504594585,39.849998474121094,39.854652404785156,0.0046539306640625
85.655839716,39.849998474121094,39.89031219482422,0.040313720703125
85.703936962,40.20000076293945,39.89031219482422,0.3096885681152344
85.853886129,40.20000076293945,40.272579193115234,0.07257843017578125
85.904892208,40.45000076293945,40.272579193115234,0.17742156982421875
86.058867706,40.45000076293945,40.22114562988281,0.22885513305664062
86.104879092,36.80900068283081,40.22114562988281,3.412144947051999
86.270845985,36.80900068283081,40.42307662963867,3.6140759468078585
86.309546214,40.5,40.42307662963867,0.07692337036132812
86.460196012,40.5,40.2433967590332,0.2566032409667969
86.505276108,40.5,40.2433967590332,0.2566032409667969
86.702726701,40.5,40.2433967590332,0.2566032409667969
86.895731818,40.54999923706055,40.2433967590332,0.30660247802734375
87.094665021,36.89999933242798,40.2433967590332,3.3433974266052218
87.223766092,36.89999933242798,40.2433967590332,3.3433974266052218
87.292724037,40.54999923706055,40.2433967590332,0.30660247802734375
87.306627473,40.54999923706055,40.24408721923828,0.3059120178222656
87.385036201,40.54999923706055,40.303897857666016,0.24610137939453125
87.4648115,40.54999923706055,40.18539810180664,0.36460113525390625
87.503653651,40.54999923706055,40.18539810180664,0.36460113525390625
87.535597575,40.54999923706055,40.30894470214844,0.24105453491210938
87.641874043,40.54999923706055,40.21460723876953,0.3353919982910156
87.702840648,40.54999923706055,40.21460723876953,0.3353919982910156
87.843112921,40.54999923706055,40.24435806274414,0.30564117431640625
87.903707144,40.54999923706055,40.24435806274414,0.30564117431640625
88.044850435,40.54999923706055,40.16714096069336,0.3828582763671875
88.098213547,40.54999923706055,40.16714096069336,0.3828582763671875
88.246765681,40.54999923706055,40.304725646972656,0.24527359008789062
88.307662908,40.54999923706055,40.304725646972656,0.24527359008789062
88.448435295,40.54999923706055,40.20740509033203,0.3425941467285156
88.509173032,40.54999923706055,40.20740509033203,0.3425941467285156
88.660830477,40.54999923706055,40.26894760131836,0.2810516357421875
88.702793443,40.54999923706055,40.26894760131836,0.2810516357421875
